 dataset_id,id,areas,bathymetry,class,Latitude,Longitude,family,infraphylum,order,parvphylum,phylum,scientificName,shoredistance,subphylum,originalScientificName,temperature,salinity,dissolved_oxygen,ph,chlorophyll,ocean_latitude,ocean_longitude,read_count,confidence_score,sequence_length,detection_category,abundance_prediction,data_source,processing_date
c24bf1c2-2c62-4056-a841-56d94e6e876a,5bfe09ed-9aee-443e-acc2-8cd23f571bb8,"[248, 252, 31904]",14,Teleostei,-5.429722309,71.7611084,Acanthuridae,Gnathostomata,Acanthuriformes,Osteichthyes,Chordata,Ctenochaetus truncatus,951,Vertebrata,Ctenochaetus truncatus,,,6.448,8.219,0.467,0.007,60.8,0.0,0.3,0.0,No eDNA Data,Low,Integrated Marine Data,2025-09-19
c24bf1c2-2c62-4056-a841-56d94e6e876a,d50ee5aa-9476-4485-9e00-deab9a2bd9ee,"[248, 252, 31904]",-3,Teleostei,-5.416666508,71.75,Cirrhitidae,Gnathostomata,Centrarchiformes,Osteichthyes,Chordata,Paracirrhites forsteri,328,Vertebrata,Paracirrhites forsteri,28.321,,6.574,8.038,,0.086,69.749,3419.0,0.9550301030591912,633.0,Very High,Medium,Integrated Marine Data,2025-09-19
c24bf1c2-2c62-4056-a841-56d94e6e876a,7caf14e4-505d-47de-aafc-3930e85c5e0c,"[218, 219, 10161, 20914, 40030, 31904]",36,Teleostei,-27.5316658,32.6930542,Apogonidae,Gnathostomata,Kurtiformes,Osteichthyes,Chordata,Ostorhinchus apogonoides,1584,Vertebrata,Apogon apogonides,,,6.693,7.912,0.143,0.263,89.112,0.0,0.3,0.0,No eDNA Data,Low,Integrated Marine Data,2025-09-19
c24bf1c2-2c62-4056-a841-56d94e6e876a,c24b01a7-c390-4ef2-9903-121ebe4680a7,"[248, 252, 31904]",15,Teleostei,-5.426944256,71.75777435,Tetraodontidae,Gnathostomata,Tetraodontiformes,Osteichthyes,Chordata,Canthigaster valentini,538,Vertebrata,Canthigaster valentini,28.854,,6.339,8.181,,0.816,92.894,0.0,0.3,0.0,No eDNA Data,Medium,Integrated Marine Data,2025-09-19
c24bf1c2-2c62-4056-a841-56d94e6e876a,7476bc7c-78a5-4288-b68e-6e03c1aec6e8,"[248, 252, 31904]",27,Teleostei,-5.417778015,71.74833679,Chaetodontidae,Gnathostomata,Acanthuriformes,Osteichthyes,Chordata,Chaetodon lunula,423,Vertebrata,Chaetodon lunula,,33.248,6.113,8.086,,1.779,77.365,5197.0,0.8036948234128684,292.0,Medium,Low,Integrated Marine Data,2025-09-19
c24bf1c2-2c62-4056-a841-56d94e6e876a,859cb345-951c-474c-a1a0-9569ef035b66,"[212, 10146, 31904]",27,Teleostei,-4.550000191,55.45000076,Holocentridae,Gnathostomata,Holocentriformes,Osteichthyes,Chordata,Myripristis berndti,1357,Vertebrata,Myripristis berndti,,35.408,5.661,8.231,,1.833,65.166,0.0,0.3,0.0,No eDNA Data,Low,Integrated Marine Data,2025-09-19
c24bf1c2-2c62-4056-a841-56d94e6e876a,0c19e88e-1604-4a47-9501-581ae2541b40,"[248, 252, 31904]",12,Teleostei,-5.344166756,72.20916748,Gobiidae,Gnathostomata,Gobiiformes,Osteichthyes,Chordata,Trimmatom nanus,563,Vertebrata,Trimmatom nanus,28.914,,6.426,7.921,,1.847,95.086,0.0,0.3,0.0,No eDNA Data,Medium,Integrated Marine Data,2025-09-19
c24bf1c2-2c62-4056-a841-56d94e6e876a,a2db4598-33b8-4e78-a77e-f0e360e51e91,"[248, 252, 31904]",7,Teleostei,-5.339166641,72.21805573,Acanthuridae,Gnathostomata,Acanthuriformes,Osteichthyes,Chordata,Naso brevirostris,126,Vertebrata,Naso brevirostris,,,6.448,8.148,1.139,2.012,82.521,0.0,0.3,0.0,No eDNA Data,Low,Integrated Marine Data,2025-09-19
c24bf1c2-2c62-4056-a841-56d94e6e876a,d4e0a405-1a9d-47e3-bad2-222b6fdf55de,"[145, 31904]",17,Teleostei,-19.75149918,63.43783188,Pomacentridae,Gnathostomata,Ovalentaria incertae sedis,Osteichthyes,Chordata,Dascyllus aruanus,433,Vertebrata,Dascyllus aruanus,31.902,,5.334,8.161,,2.874,85.106,12144.0,0.8747749484061274,629.3333333333334,High,Low,Integrated Marine Data,2025-09-19
c24bf1c2-2c62-4056-a841-56d94e6e876a,73b5cbbd-3227-41f6-8e86-e9da6a7eb558,"[248, 252, 31904]",20,Teleostei,-5.363333225,72.22805786,Apogonidae,Gnathostomata,Kurtiformes,Osteichthyes,Chordata,Apogon coccineus,858,Vertebrata,Apogon coccineus,,34.861,6.744,8.099,,2.999,79.513,0.0,0.3,0.0,No eDNA Data,Low,Integrated Marine Data,2025-09-19
c24bf1c2-2c62-4056-a841-56d94e6e876a,94cf29bf-0437-49c4-9da0-6f7231658a7e,"[248, 252, 31904]",23,Teleostei,-5.433610916,71.76361084,Epinephelidae,Gnathostomata,Perciformes,Osteichthyes,Chordata,Epinephelus spilotoceps,1105,Vertebrata,Epinephelus spilotoceps,,,6.77,8.142,0.707,3.193,93.885,21939.0,0.7958227824710613,643.8,Medium,Low,Integrated Marine Data,2025-09-19
c24bf1c2-2c62-4056-a841-56d94e6e876a,31b6100b-6458-4d89-85c9-3c73f9a1e374,"[248, 252, 31904]",10,Teleostei,-5.301111221,72.26222229,Labridae,Gnathostomata,Eupercaria incertae sedis,Osteichthyes,Chordata,Halichoeres hortulanus,633,Vertebrata,Halichoeres hortulanus,,34.611,6.236,8.086,,3.198,81.108,28300.0,0.872076762496001,625.2,High,Low,Integrated Marine Data,2025-09-19
c24bf1c2-2c62-4056-a841-56d94e6e876a,eaf55d62-5f68-4094-8cae-09b33891cf38,"[248, 252, 31904]",12,Teleostei,-5.344722271,72.20999908,Labridae,Gnathostomata,Eupercaria incertae sedis,Osteichthyes,Chordata,Labroides bicolor,637,Vertebrata,Labroides bicolor,,,6.478,7.825,1.491,3.491,91.226,8846.0,0.8803431281919694,603.0,High,Low,Integrated Marine Data,2025-09-19
c24bf1c2-2c62-4056-a841-56d94e6e876a,637e9b27-9cd5-4ae0-9aa1-26147103cdb2,"[248, 252, 31904]",15,Teleostei,-5.355000019,72.21138763,Ophichthidae,Gnathostomata,Anguilliformes,Osteichthyes,Chordata,Myrichthys colubrinus,426,Vertebrata,Myrichthys colubrinus,,33.045,6.446,7.915,,3.7,62.503,0.0,0.3,0.0,No eDNA Data,Low,Integrated Marine Data,2025-09-19
c24bf1c2-2c62-4056-a841-56d94e6e876a,981a6cf3-6b9a-4af5-99fe-614d8e62a197,"[248, 252, 31904]",51,Teleostei,-5.314722061,72.23166656,Labridae,Gnathostomata,Eupercaria incertae sedis,Osteichthyes,Chordata,Pseudocheilinus hexataenia,155,Vertebrata,Pseudocheilinus hexataenia,,35.291,6.774,7.91,,3.815,89.859,0.0,0.3,0.0,No eDNA Data,Low,Integrated Marine Data,2025-09-19
c24bf1c2-2c62-4056-a841-56d94e6e876a,c73b6842-823f-49c9-8709-669b55ab8c9f,"[248, 252, 31904]",15,Teleostei,-5.43194437,71.7555542,Gobiidae,Gnathostomata,Gobiiformes,Osteichthyes,Chordata,Bathygobius coalitus,542,Vertebrata,Bathygobius coalitus,25.124,,6.495,7.815,,3.914,64.602,0.0,0.3,0.0,No eDNA Data,High,Integrated Marine Data,2025-09-19
c24bf1c2-2c62-4056-a841-56d94e6e876a,2f5ad90e-6550-4bfc-a66b-19224058cd21,"[248, 252, 31904]",2,Teleostei,-5.314722061,72.23972321,Chaetodontidae,Gnathostomata,Acanthuriformes,Osteichthyes,Chordata,Chaetodon trifascialis,1045,Vertebrata,Chaetodon trifascialis,,33.158,5.78,7.887,,3.945,84.692,0.0,0.3,0.0,No eDNA Data,Low,Integrated Marine Data,2025-09-19
c24bf1c2-2c62-4056-a841-56d94e6e876a,527337b5-9c8d-4779-a72b-4e1dbb523c37,"[218, 219, 10161, 20914, 40030, 31904]",15,Teleostei,-27.52194405,32.68972397,Scorpaenidae,Gnathostomata,Perciformes,Osteichthyes,Chordata,Pterois antennata,1501,Vertebrata,Pterois antennata,,,5.619,7.966,1.285,4.409,90.132,0.0,0.3,0.0,No eDNA Data,Low,Integrated Marine Data,2025-09-19
c24bf1c2-2c62-4056-a841-56d94e6e876a,d8bffd6d-abad-4882-8486-722add11f0a4,"[248, 252, 31904]",12,Teleostei,-5.34388876,72.21055603,Gobiidae,Gnathostomata,Gobiiformes,Osteichthyes,Chordata,Trimma sheppardi,710,Vertebrata,Trimma sheppardi,,34.309,6.667,8.052,,4.693,75.238,0.0,0.3,0.0,No eDNA Data,Low,Integrated Marine Data,2025-09-19
c24bf1c2-2c62-4056-a841-56d94e6e876a,456deecd-9813-497a-85b2-84b218513cc2,"[218, 219, 10161, 20914, 40030, 31904]",52,Teleostei,-27.5027771,32.70194626,Gobiidae,Gnathostomata,Gobiiformes,Osteichthyes,Chordata,Eviota notata,2241,Vertebrata,Eviota notata,29.536,,6.728,8.128,,4.777,69.766,0.0,0.3,0.0,No eDNA Data,Medium,Integrated Marine Data,2025-09-19
c24bf1c2-2c62-4056-a841-56d94e6e876a,4ecca019-2db9-4dd1-b561-638bc3f3092c,"[248, 252, 31904]",10,Teleostei,-5.301111221,72.26222229,Gobiidae,Gnathostomata,Gobiiformes,Osteichthyes,Chordata,Eviota sebreei,633,Vertebrata,Eviota sebreei,,33.473,6.096,8.133,,5.022,68.297,0.0,0.3,0.0,No eDNA Data,Low,Integrated Marine Data,2025-09-19
c24bf1c2-2c62-4056-a841-56d94e6e876a,855f782b-9dd4-4427-ba8c-feec7daf322e,"[248, 252, 31904]",14,Teleostei,-5.43194437,71.76277924,Gobiidae,Gnathostomata,Gobiiformes,Osteichthyes,Chordata,Fusigobius neophytus,1094,Vertebrata,Fusigobius neophytus,26.001,,5.739,8.212,,5.036,76.242,0.0,0.3,0.0,No eDNA Data,High,Integrated Marine Data,2025-09-19
c24bf1c2-2c62-4056-a841-56d94e6e876a,c6831355-648b-47e5-8c83-18d5311942fa,"[248, 252, 31904]",-2,Teleostei,-5.332220078,72.22332764,Grammistidae,Gnathostomata,Perciformes,Osteichthyes,Chordata,Pseudogramma polyacantha,226,Vertebrata,Pseudogramma polyacantha,30.002,,5.262,8.25,,5.137,72.38,0.0,0.3,0.0,No eDNA Data,Low,Integrated Marine Data,2025-09-19
c24bf1c2-2c62-4056-a841-56d94e6e876a,f563227c-75ca-4455-95f0-0d3389f113cb,"[248, 252, 31904]",14,Teleostei,-5.429722309,71.7611084,Acanthuridae,Gnathostomata,Acanthuriformes,Osteichthyes,Chordata,Zebrasoma scopas,951,Vertebrata,Zebrasoma scopas,,34.887,6.184,7.944,,5.243,93.776,0.0,0.3,0.0,No eDNA Data,Low,Integrated Marine Data,2025-09-19
c24bf1c2-2c62-4056-a841-56d94e6e876a,6455e4f6-70eb-4e2c-8c94-17a96fac464e,"[218, 219, 10161, 20914, 40030, 31904]",9,Teleostei,-27.53333092,32.68333054,Pomacanthidae,Gnathostomata,Acanthuriformes,Osteichthyes,Chordata,Centropyge multispinis,799,Vertebrata,Centropyge multispinis,29.741,,5.931,7.915,,5.25,65.81,0.0,0.3,0.0,No eDNA Data,Medium,Integrated Marine Data,2025-09-19
c24bf1c2-2c62-4056-a841-56d94e6e876a,4563d204-1015-4f0d-b1f2-fd8c1dbd3509,"[248, 252, 31904]",16,Teleostei,-6.179166794,71.35888672,Moringuidae,Gnathostomata,Anguilliformes,Osteichthyes,Chordata,Moringua microchir,2034,Vertebrata,Moringua microchir,27.377,,6.145,8.14,,5.3,95.703,0.0,0.3,0.0,No eDNA Data,High,Integrated Marine Data,2025-09-19
c24bf1c2-2c62-4056-a841-56d94e6e876a,159b9733-22e9-4f40-a626-6f16f8aabab3,"[248, 252, 31904]",2,Teleostei,-5.356666565,72.21694183,Pomacentridae,Gnathostomata,Ovalentaria incertae sedis,Osteichthyes,Chordata,Plectroglyphidodon johnstonianus,495,Vertebrata,Plectroglyphidodon johnstonianus,30.904,,4.482,7.835,,5.545,69.17,0.0,0.3,0.0,No eDNA Data,Low,Integrated Marine Data,2025-09-19
c24bf1c2-2c62-4056-a841-56d94e6e876a,8b04335c-08f8-4c65-82ec-c5e5e475093b,"[248, 252, 31904]",15,Teleostei,-5.354444504,72.21583557,Gobiidae,Gnathostomata,Gobiiformes,Osteichthyes,Chordata,Pleurosicya plicata,727,Vertebrata,Pleurosicya plicata,,,6.772,8.233,1.059,5.638,72.809,0.0,0.3,0.0,No eDNA Data,Low,Integrated Marine Data,2025-09-19
c24bf1c2-2c62-4056-a841-56d94e6e876a,adba7b28-c511-46b8-be0f-c58563dfa43b,"[248, 252, 31904]",2,Teleostei,-5.44444418,71.8172226,Muraenidae,Gnathostomata,Anguilliformes,Osteichthyes,Chordata,Anarchias seychellensis,2008,Vertebrata,Anarchias seychellensis,28.186,,6.416,8.279,,5.683,62.039,0.0,0.3,0.0,No eDNA Data,Medium,Integrated Marine Data,2025-09-19
c24bf1c2-2c62-4056-a841-56d94e6e876a,257b819f-8df4-4304-ba1a-23501eda1d3c,"[248, 252, 31904]",15,Teleostei,-5.355000019,72.21611023,Gobiidae,Gnathostomata,Gobiiformes,Osteichthyes,Chordata,Bryaninops erythrops,666,Vertebrata,Bryaninops erythrops,,33.57,5.916,8.15,,5.944,94.962,0.0,0.3,0.0,No eDNA Data,Low,Integrated Marine Data,2025-09-19
c24bf1c2-2c62-4056-a841-56d94e6e876a,cf290514-01f8-4526-80f2-78179737a84d,"[248, 252, 31904]",15,Teleostei,-5.355000019,72.21611023,Apogonidae,Gnathostomata,Kurtiformes,Osteichthyes,Chordata,Cheilodipterus lachneri,666,Vertebrata,Cheilodipterus lachneri,,35.76,6.85,8.122,,5.976,78.463,0.0,0.3,0.0,No eDNA Data,Low,Integrated Marine Data,2025-09-19
c24bf1c2-2c62-4056-a841-56d94e6e876a,336c808a-1023-438a-bcc0-f1c15bded533,"[248, 252, 31904]",4,Teleostei,-5.384444237,71.75027466,Apogonidae,Gnathostomata,Kurtiformes,Osteichthyes,Chordata,Fowleria aurita,1223,Vertebrata,Fowleria aurita,,33.866,6.328,7.837,,6.364,91.477,0.0,0.3,0.0,No eDNA Data,Low,Integrated Marine Data,2025-09-19
c24bf1c2-2c62-4056-a841-56d94e6e876a,512196aa-b151-4594-b67a-b47ba2a55e80,"[248, 252, 31904]",14,Teleostei,-5.429999828,71.7591629,Fistulariidae,Gnathostomata,Syngnathiformes,Osteichthyes,Chordata,Fistularia commersonii,761,Vertebrata,Fistularia commersonii,,34.334,6.153,8.152,,6.472,89.39,0.0,0.3,0.0,No eDNA Data,Low,Integrated Marine Data,2025-09-19
c24bf1c2-2c62-4056-a841-56d94e6e876a,23f06cca-b447-45ca-abad-404aa13cd470,"[248, 252, 31904]",12,Teleostei,-5.344722271,72.20833588,Holocentridae,Gnathostomata,Holocentriformes,Osteichthyes,Chordata,Sargocentron caudimaculatum,457,Vertebrata,Sargocentron caudimaculatum,27.32,,6.654,8.016,,7.337,68.047,0.0,0.3,0.0,No eDNA Data,High,Integrated Marine Data,2025-09-19
c24bf1c2-2c62-4056-a841-56d94e6e876a,6a7c39fe-18d6-447f-bce8-3b1d1c2d78ea,"[248, 252, 31904]",15,Teleostei,-5.426944256,71.75777435,Synodontidae,Gnathostomata,Aulopiformes,Osteichthyes,Chordata,Synodus dermatogenys,538,Vertebrata,Synodus dermatogenys,30.136,,4.188,7.846,,8.077,78.931,0.0,0.3,0.0,No eDNA Data,Low,Integrated Marine Data,2025-09-19
c24bf1c2-2c62-4056-a841-56d94e6e876a,fb26ddc2-d37f-4267-b8c4-41051cf9912c,"[248, 252, 31904]",10,Teleostei,-5.301111221,72.26222229,Pinguipedidae,Gnathostomata,Perciformes,Osteichthyes,Chordata,Parapercis millepunctata,633,Vertebrata,Parapercis cephalopunctata,,,5.673,8.069,1.971,8.215,98.953,0.0,0.3,0.0,No eDNA Data,Low,Integrated Marine Data,2025-09-19
c24bf1c2-2c62-4056-a841-56d94e6e876a,136f9918-cb64-44e0-a9ce-165e47347c16,"[248, 252, 31904]",12,Teleostei,-5.344722271,72.20833588,Muraenidae,Gnathostomata,Anguilliformes,Osteichthyes,Chordata,Gymnothorax margaritophorus,457,Vertebrata,Gymnothorax margaritophorus,28.181,,6.388,8.028,,8.27,70.329,0.0,0.3,0.0,No eDNA Data,Medium,Integrated Marine Data,2025-09-19
c24bf1c2-2c62-4056-a841-56d94e6e876a,b98ccac7-2460-43ad-89e8-dc628acfaa47,"[248, 252, 31904]",14,Teleostei,-5.429999828,71.7591629,Holocentridae,Gnathostomata,Holocentriformes,Osteichthyes,Chordata,Myripristis murdjan,761,Vertebrata,Myripristis murdjan,,,6.437,8.054,1.817,8.697,78.378,0.0,0.3,0.0,No eDNA Data,Low,Integrated Marine Data,2025-09-19
c24bf1c2-2c62-4056-a841-56d94e6e876a,cb670cc4-a0b1-4f10-9790-575c4c8ebeec,"[248, 252, 31904]",4,Teleostei,-5.422500134,71.78111267,Acanthuridae,Gnathostomata,Acanthuriformes,Osteichthyes,Chordata,Acanthurus leucosternon,3155,Vertebrata,Acanthurus leucosternon,31.539,,5.114,7.826,,8.962,86.242,0.0,0.3,0.0,No eDNA Data,Low,Integrated Marine Data,2025-09-19
c24bf1c2-2c62-4056-a841-56d94e6e876a,7bea820e-9608-436e-82fc-d6ebb8c4b605,"[248, 252, 31904]",12,Teleostei,-5.344722271,72.20833588,Anthiadidae,Gnathostomata,Perciformes,Osteichthyes,Chordata,Pseudanthias squamipinnis,457,Vertebrata,Anthias squamipinnis,,33.073,6.509,8.162,,9.485,61.417,0.0,0.3,0.0,No eDNA Data,Low,Integrated Marine Data,2025-09-19
c24bf1c2-2c62-4056-a841-56d94e6e876a,4cca4576-f67f-48da-ac7b-89b75dfd68b6,"[8, 9, 40045, 31904]",2,Teleostei,-20.54999924,116.8833313,Pseudochromidae,Gnathostomata,Ovalentaria incertae sedis,Osteichthyes,Chordata,Congrogadus subducens,2760,Vertebrata,Congrogadus subducens,,35.76,6.74,8.215,,9.505,98.158,0.0,0.3,0.0,No eDNA Data,Low,Integrated Marine Data,2025-09-19
c24bf1c2-2c62-4056-a841-56d94e6e876a,53ba5421-ed3f-48ab-a847-84d8d42f10c6,"[248, 252, 31904]",10,Teleostei,-5.301111221,72.26222229,Gobiidae,Gnathostomata,Gobiiformes,Osteichthyes,Chordata,Gobiodon fulvus,633,Vertebrata,Gobiodon fulvus,,35.392,5.688,8.158,,9.507,88.572,0.0,0.3,0.0,No eDNA Data,Low,Integrated Marine Data,2025-09-19
c24bf1c2-2c62-4056-a841-56d94e6e876a,be751ea2-33be-4838-9931-3c78fafa8489,"[145, 31904]",26,Teleostei,-19.65139008,63.42943954,Gobiidae,Gnathostomata,Gobiiformes,Osteichthyes,Chordata,Gobiodon prolixus,2311,Vertebrata,Gobiodon prolixius,29.228,,6.472,8.096,,9.696,73.528,0.0,0.3,0.0,No eDNA Data,Medium,Integrated Marine Data,2025-09-19
c24bf1c2-2c62-4056-a841-56d94e6e876a,4055307a-5ffc-4baa-aa06-5a1ce6ada5d7,"[248, 252, 31904]",13,Teleostei,-5.385833263,71.74888611,Epinephelidae,Gnathostomata,Perciformes,Osteichthyes,Chordata,Liopropoma africanum,1118,Vertebrata,Liopropoma africana,,,5.538,7.986,1.068,9.941,67.837,0.0,0.3,0.0,No eDNA Data,Low,Integrated Marine Data,2025-09-19
c24bf1c2-2c62-4056-a841-56d94e6e876a,237a45e5-29ef-4f1c-9c62-fbc9b86dafb2,"[248, 252, 31904]",23,Teleostei,-5.434166908,71.76444244,Gobiidae,Gnathostomata,Gobiiformes,Osteichthyes,Chordata,Amblygobius semicinctus,1177,Vertebrata,Amblygobius semicinctus,28.93,,5.812,8.271,,10.021,84.255,0.0,0.3,0.0,No eDNA Data,Medium,Integrated Marine Data,2025-09-19
c24bf1c2-2c62-4056-a841-56d94e6e876a,217a51ba-b56e-4b3a-94c6-cbb904f79fd4,"[218, 219, 10161, 20914, 40030, 31904]",36,Teleostei,-27.51888847,32.69777679,Labridae,Gnathostomata,Eupercaria incertae sedis,Osteichthyes,Chordata,Coris caudimacula,2266,Vertebrata,Coris caudimacula,,35.762,6.967,7.913,,10.21,60.5,0.0,0.3,0.0,No eDNA Data,Low,Integrated Marine Data,2025-09-19
c24bf1c2-2c62-4056-a841-56d94e6e876a,7e372d6b-b7da-4ecf-a895-74b2123c0335,"[8, 9, 40045, 31904]",1,Teleostei,-20.51666641,116.5833359,Pseudochromidae,Gnathostomata,Ovalentaria incertae sedis,Osteichthyes,Chordata,Labracinus lineatus,1813,Vertebrata,Dampieria lineata,25.031,,6.43,8.174,,11.149,85.221,0.0,0.3,0.0,No eDNA Data,High,Integrated Marine Data,2025-09-19
c24bf1c2-2c62-4056-a841-56d94e6e876a,706e3659-a0ad-4a49-a5f4-e5a707d16b49,"[248, 252, 31904]",12,Teleostei,-5.344170094,72.20916748,Gobiidae,Gnathostomata,Gobiiformes,Osteichthyes,Chordata,Eviota mikiae,563,Vertebrata,Eviota mikiae,31.894,,5.433,8.044,,11.285,78.501,0.0,0.3,0.0,No eDNA Data,Low,Integrated Marine Data,2025-09-19
c24bf1c2-2c62-4056-a841-56d94e6e876a,3d350476-13c6-40b0-95d3-df34d79eadf6,"[248, 252, 31904]",20,Teleostei,-5.445555687,71.79499817,Muraenidae,Gnathostomata,Anguilliformes,Osteichthyes,Chordata,Gymnothorax pindae,1769,Vertebrata,Gymnothorax pindae,,,5.63,7.966,1.214,11.306,72.265,0.0,0.3,0.0,No eDNA Data,Low,Integrated Marine Data,2025-09-19
c24bf1c2-2c62-4056-a841-56d94e6e876a,a9b14a95-eb81-4ba7-acb4-7cfd9ec59a23,"[145, 31904]",17,Teleostei,-19.75149918,63.43783188,Pomacentridae,Gnathostomata,Ovalentaria incertae sedis,Osteichthyes,Chordata,Chromis viridis,433,Vertebrata,Chromis viridis,30.059,,4.925,8.265,,11.468,97.816,0.0,0.3,0.0,No eDNA Data,Low,Integrated Marine Data,2025-09-19
c24bf1c2-2c62-4056-a841-56d94e6e876a,a836739c-8667-4508-a14e-dca8b756a529,"[145, 31904]",17,Teleostei,-19.75149918,63.43783188,Synodontidae,Gnathostomata,Aulopiformes,Osteichthyes,Chordata,Saurida gracilis,433,Vertebrata,Saurida gracilis,26.832,,5.972,8.233,,11.482,80.979,0.0,0.3,0.0,No eDNA Data,High,Integrated Marine Data,2025-09-19
c24bf1c2-2c62-4056-a841-56d94e6e876a,57db6af5-d1d1-499e-b502-546c77ba532c,"[145, 31904]",19,Teleostei,-19.66867065,63.42449951,Epinephelidae,Gnathostomata,Perciformes,Osteichthyes,Chordata,Epinephelus merra,921,Vertebrata,Epinephelus merra,,34.642,5.658,7.84,,11.54,78.831,0.0,0.3,0.0,No eDNA Data,Low,Integrated Marine Data,2025-09-19
c24bf1c2-2c62-4056-a841-56d94e6e876a,34310d49-ee0b-467e-969c-72bad90baebf,"[248, 252, 31904]",2,Teleostei,-5.314722061,72.23972321,Pomacentridae,Gnathostomata,Ovalentaria incertae sedis,Osteichthyes,Chordata,Stegastes lacrymatus,1045,Vertebrata,Plectroglyphidodon lacrymatus,31.258,,4.925,8.207,,11.79,76.982,0.0,0.3,0.0,No eDNA Data,Low,Integrated Marine Data,2025-09-19
c24bf1c2-2c62-4056-a841-56d94e6e876a,05474ff9-98ec-415e-a2cf-e7b11f9f86c8,"[248, 252, 31904]",16,Teleostei,-6.17527771,71.36611176,Labridae,Gnathostomata,Eupercaria incertae sedis,Osteichthyes,Chordata,Thalassoma quinquevittatum,2796,Vertebrata,Thalassoma quinquevittatum,,,6.911,8.052,0.506,12.064,63.527,0.0,0.3,0.0,No eDNA Data,Low,Integrated Marine Data,2025-09-19
c24bf1c2-2c62-4056-a841-56d94e6e876a,f3a65642-d10c-427c-a070-add215984d1f,"[248, 252, 31904]",17,Teleostei,-5.333333492,71.83333588,Acanthuridae,Gnathostomata,Acanthuriformes,Osteichthyes,Chordata,Acanthurus nigrofuscus,7707,Vertebrata,Acanthurus nigrofuscus,27.857,,6.691,7.998,,12.298,74.681,0.0,0.3,0.0,No eDNA Data,High,Integrated Marine Data,2025-09-19
c24bf1c2-2c62-4056-a841-56d94e6e876a,17d33327-18bf-4163-9f3f-3ff7fb1823d7,"[212, 10146, 31904]",27,Teleostei,-4.550000191,55.45000076,Apogonidae,Gnathostomata,Kurtiformes,Osteichthyes,Chordata,Apogon semiornatus,1357,Vertebrata,Apogon semiornatus,25.224,,6.754,8.103,,12.356,89.145,0.0,0.3,0.0,No eDNA Data,High,Integrated Marine Data,2025-09-19
c24bf1c2-2c62-4056-a841-56d94e6e876a,6b491740-d37b-4343-866e-0e4974e471f6,"[248, 252, 31904]",28,Teleostei,-5.448888779,71.81194305,Chlopsidae,Gnathostomata,Anguilliformes,Osteichthyes,Chordata,Kaupichthys diodontus,1460,Vertebrata,Kaupichthys diodontus,,,5.979,7.878,1.509,12.499,75.397,0.0,0.3,0.0,No eDNA Data,Low,Integrated Marine Data,2025-09-19
c24bf1c2-2c62-4056-a841-56d94e6e876a,03d95166-6218-49aa-890c-fa6ae8d7731d,"[248, 252, 31904]",24,Teleostei,-5.399166584,71.74777985,Gobiidae,Gnathostomata,Gobiiformes,Osteichthyes,Chordata,Trimma emeryi,300,Vertebrata,Trimma emeryi,,,5.856,7.826,1.445,12.939,97.637,0.0,0.3,0.0,No eDNA Data,Low,Integrated Marine Data,2025-09-19
c24bf1c2-2c62-4056-a841-56d94e6e876a,e792ea84-9b6f-4291-a6bf-a81dc2345ccb,"[248, 252, 31904]",28,Teleostei,-5.448888779,71.81194305,Labridae,Gnathostomata,Eupercaria incertae sedis,Osteichthyes,Chordata,Bodianus axillaris,1460,Vertebrata,Bodianus axillaris,,35.706,5.897,8.156,,13.123,94.673,0.0,0.3,0.0,No eDNA Data,Low,Integrated Marine Data,2025-09-19
c24bf1c2-2c62-4056-a841-56d94e6e876a,af9ba92b-4971-4878-ad23-3955ddef2b53,"[248, 252, 31904]",13,Teleostei,-5.358889103,71.75861359,Sphyraenidae,Gnathostomata,Carangaria incertae sedis,Osteichthyes,Chordata,Sphyraena barracuda,265,Vertebrata,Sphyraena barracuda,25.314,,5.646,8.124,,13.22,81.503,0.0,0.3,0.0,No eDNA Data,High,Integrated Marine Data,2025-09-19
c24bf1c2-2c62-4056-a841-56d94e6e876a,9ac937c1-7902-459c-893e-057e65400d6c,"[248, 252, 31904]",22,Teleostei,-5.450833321,71.81583405,Epinephelidae,Gnathostomata,Perciformes,Osteichthyes,Chordata,Cephalopholis polleni,1282,Vertebrata,Cephalopholis polleni,,34.09,6.323,8.06,,13.273,82.595,0.0,0.3,0.0,No eDNA Data,Low,Integrated Marine Data,2025-09-19
c24bf1c2-2c62-4056-a841-56d94e6e876a,28375234-422e-4660-8ec8-44d8ec26dd68,"[248, 252, 31904]",4,Teleostei,-5.422500134,71.78111267,Lutjanidae,Gnathostomata,Eupercaria incertae sedis,Osteichthyes,Chordata,Lutjanidae,3155,Vertebrata,Lutjanidae,,,5.649,7.854,1.207,13.283,86.23,0.0,0.3,0.0,No eDNA Data,Low,Integrated Marine Data,2025-09-19
c24bf1c2-2c62-4056-a841-56d94e6e876a,24eb9563-af2a-43ac-85dc-e33039f36b04,"[248, 252, 31904]",28,Teleostei,-5.448888779,71.81194305,Scorpaenidae,Gnathostomata,Perciformes,Osteichthyes,Chordata,Sebastapistes cyanostigma,1460,Vertebrata,Sebastapistes cyanostigma,,33.937,6.635,7.842,,13.289,84.081,0.0,0.3,0.0,No eDNA Data,Low,Integrated Marine Data,2025-09-19
c24bf1c2-2c62-4056-a841-56d94e6e876a,5a9d6373-79e3-40ac-a065-036e0578e162,"[248, 252, 31904]",15,Teleostei,-5.354444504,72.21583557,Gobiidae,Gnathostomata,Gobiiformes,Osteichthyes,Chordata,Asterropteryx ensifera,727,Vertebrata,Asterropteryx ensiferus,25.024,,6.181,8.085,,13.434,63.691,0.0,0.3,0.0,No eDNA Data,High,Integrated Marine Data,2025-09-19
c24bf1c2-2c62-4056-a841-56d94e6e876a,eb0f5520-d2b3-44b7-a844-e97c1bf0c554,"[248, 252, 31904]",15,Teleostei,-5.355000019,72.21611023,Gobiidae,Gnathostomata,Gobiiformes,Osteichthyes,Chordata,Eviota infulata,666,Vertebrata,Eviota infulata,,,6.988,8.025,0.79,13.64,65.645,0.0,0.3,0.0,No eDNA Data,Low,Integrated Marine Data,2025-09-19
c24bf1c2-2c62-4056-a841-56d94e6e876a,6ac3a71b-e4ca-4860-bdb3-95cd59f09edc,"[248, 252, 31904]",2,Teleostei,-5.356666565,72.21694183,Bythitidae,Gnathostomata,Ophidiiformes,Osteichthyes,Chordata,Dinematichthys iluocoeteoides,495,Vertebrata,Dinematichthys iluocoeteoides,,,6.03,8.273,1.52,13.996,80.692,0.0,0.3,0.0,No eDNA Data,Low,Integrated Marine Data,2025-09-19
c24bf1c2-2c62-4056-a841-56d94e6e876a,2e5d50ff-f20b-466a-aebf-cdd9845b8739,"[218, 219, 10161, 20914, 40030, 31904]",21,Teleostei,-27.44805527,32.71722031,Gobiidae,Gnathostomata,Gobiiformes,Osteichthyes,Chordata,Fusigobius inframaculatus,1288,Vertebrata,Fusigobius inframaculatus,,,6.516,8.273,0.587,14.016,69.381,0.0,0.3,0.0,No eDNA Data,Low,Integrated Marine Data,2025-09-19
c24bf1c2-2c62-4056-a841-56d94e6e876a,fe4470e9-4dab-4740-ae21-a4d6401ed730,"[248, 252, 31904]",16,Teleostei,-6.17527771,71.36611176,Acanthuridae,Gnathostomata,Acanthuriformes,Osteichthyes,Chordata,Acanthurus triostegus,2796,Vertebrata,Acanthurus triostegus,,35.775,6.328,8.113,,14.152,79.729,0.0,0.3,0.0,No eDNA Data,Low,Integrated Marine Data,2025-09-19
c24bf1c2-2c62-4056-a841-56d94e6e876a,f16932dc-2667-427c-82b6-1921cd0a1ca3,"[248, 252, 31904]",22,Teleostei,-5.450833321,71.81583405,Epinephelidae,Gnathostomata,Perciformes,Osteichthyes,Chordata,Cephalopholis spiloparaea,1282,Vertebrata,Cephalopholis spiloparaea,,,5.877,8.255,1.085,14.155,70.78,0.0,0.3,0.0,No eDNA Data,Low,Integrated Marine Data,2025-09-19
c24bf1c2-2c62-4056-a841-56d94e6e876a,75d79a45-c234-425c-a1d8-e58e2d624b88,"[248, 252, 31904]",4,Teleostei,-5.422500134,71.78111267,Ammodytidae,Gnathostomata,Perciformes,Osteichthyes,Chordata,Ammodytoides praematura,3155,Vertebrata,Ammodytoides praematura,30.68,,4.547,8.073,,14.212,71.795,0.0,0.3,0.0,No eDNA Data,Low,Integrated Marine Data,2025-09-19
c24bf1c2-2c62-4056-a841-56d94e6e876a,5a55ef59-4797-4134-b3d7-b849aba1862d,"[248, 252, 31904]",20,Teleostei,-5.362500191,72.22861481,Scorpaenidae,Gnathostomata,Perciformes,Osteichthyes,Chordata,Scorpaenodes albaiensis,774,Vertebrata,Scorpaenodes albaiensis,,33.867,6.835,7.985,,14.388,71.907,0.0,0.3,0.0,No eDNA Data,Low,Integrated Marine Data,2025-09-19
c24bf1c2-2c62-4056-a841-56d94e6e876a,f6e2bf9a-dcd7-4853-935f-564aaa032d97,"[248, 252, 31904]",12,Teleostei,-5.344722271,72.20833588,Apogonidae,Gnathostomata,Kurtiformes,Osteichthyes,Chordata,Ostorhinchus angustatus,457,Vertebrata,Apogon angustatus,25.398,,6.369,8.298,,14.508,98.357,0.0,0.3,0.0,No eDNA Data,High,Integrated Marine Data,2025-09-19
c24bf1c2-2c62-4056-a841-56d94e6e876a,3e2ad179-f67e-4fbb-ab61-52aede122da1,"[218, 219, 10161, 20914, 40030, 31904]",52,Teleostei,-27.5027771,32.70194626,Monacanthidae,Gnathostomata,Tetraodontiformes,Osteichthyes,Chordata,Cantherhines pardalis,2241,Vertebrata,Cantherhines pardalis,,34.869,6.274,8.036,,14.661,79.227,0.0,0.3,0.0,No eDNA Data,Low,Integrated Marine Data,2025-09-19
c24bf1c2-2c62-4056-a841-56d94e6e876a,754a5854-a28e-48de-a264-7fa814594c07,"[8, 9, 40043, 31904]",1284,Teleostei,-35.16666794,115.0,Kyphosidae,Gnathostomata,Centrarchiformes,Osteichthyes,Chordata,Girella zebra,87034,Vertebrata,Girella zebra,27.328,,6.253,8.139,,14.774,75.3,0.0,0.3,0.0,No eDNA Data,High,Integrated Marine Data,2025-09-19
c24bf1c2-2c62-4056-a841-56d94e6e876a,ea223825-9d96-4785-b7d5-0cf13081a634,"[248, 252, 31904]",12,Teleostei,-5.344170094,72.20916748,Gobiidae,Gnathostomata,Gobiiformes,Osteichthyes,Chordata,Trimma dalerocheila,563,Vertebrata,Trimma dalerocheila,26.717,,5.89,8.292,,14.883,93.491,0.0,0.3,0.0,No eDNA Data,High,Integrated Marine Data,2025-09-19
c24bf1c2-2c62-4056-a841-56d94e6e876a,196d8ce9-1a12-441d-9dc9-a513514c8b16,"[218, 219, 10161, 20914, 40030, 31904]",15,Teleostei,-27.52194405,32.68972397,Gobiidae,Gnathostomata,Gobiiformes,Osteichthyes,Chordata,Barbuligobius boehlkei,1501,Vertebrata,Barbuligobius boehlkei,,,6.753,7.894,1.832,14.948,76.065,0.0,0.3,0.0,No eDNA Data,Low,Integrated Marine Data,2025-09-19
c24bf1c2-2c62-4056-a841-56d94e6e876a,807bf622-0f05-4820-8e07-d2d89f9d5af6,"[248, 252, 31904]",16,Teleostei,-6.179166794,71.35888672,Gobiidae,Gnathostomata,Gobiiformes,Osteichthyes,Chordata,Gnatholepis anjerensis,2034,Vertebrata,Gnatholepis anjerensis,,,5.533,7.955,1.03,15.01,60.375,0.0,0.3,0.0,No eDNA Data,Low,Integrated Marine Data,2025-09-19
c24bf1c2-2c62-4056-a841-56d94e6e876a,826ff5d1-ccc7-4c03-81f8-1d25a6558b7a,"[248, 252, 31904]",2,Teleostei,-5.44444418,71.8172226,Gobiidae,Gnathostomata,Gobiiformes,Osteichthyes,Chordata,Fusigobius duospilus,2008,Vertebrata,Fusigobius duospilus,,,6.332,8.016,1.936,15.469,64.199,0.0,0.3,0.0,No eDNA Data,Low,Integrated Marine Data,2025-09-19
c24bf1c2-2c62-4056-a841-56d94e6e876a,7f7afc6a-5b1c-4f5c-938c-e06ada9a6677,"[248, 252, 31904]",12,Teleostei,-5.344166756,72.20916748,Labridae,Gnathostomata,Eupercaria incertae sedis,Osteichthyes,Chordata,Oxycheilinus arenatus,563,Vertebrata,Oxycheilinus arenatus,,33.161,6.754,8.171,,15.698,63.615,0.0,0.3,0.0,No eDNA Data,Low,Integrated Marine Data,2025-09-19
c24bf1c2-2c62-4056-a841-56d94e6e876a,f7c45f99-4806-4b0a-a9b9-1e386a28479d,"[248, 252, 31904]",4,Teleostei,-5.384166718,71.7583313,Blenniidae,Gnathostomata,Blenniiformes,Osteichthyes,Chordata,Ecsenius midas,1154,Vertebrata,Ecsenius midas,,35.387,6.378,8.195,,15.934,71.026,0.0,0.3,0.0,No eDNA Data,Low,Integrated Marine Data,2025-09-19
c24bf1c2-2c62-4056-a841-56d94e6e876a,896dfa90-7f06-4dac-a332-5ea1d1140e6e,"[218, 219, 10057, 10161, 20914, 40030, 31904]",54,Teleostei,-26.88332939,32.91667175,Cirrhitidae,Gnathostomata,Centrarchiformes,Osteichthyes,Chordata,Cirrhitichthys oxycephalus,3210,Vertebrata,Cirrhitichthys oxycephalus,,,6.565,7.912,1.63,16.092,92.084,0.0,0.3,0.0,No eDNA Data,Low,Integrated Marine Data,2025-09-19
c24bf1c2-2c62-4056-a841-56d94e6e876a,6e087f1f-a491-476d-a7bf-5e8640ec77e0,"[248, 252, 31904]",14,Teleostei,-5.428055763,71.76166534,Labridae,Gnathostomata,Eupercaria incertae sedis,Osteichthyes,Chordata,Labroides dimidiatus,973,Vertebrata,Labroides dimidiatus,25.226,,5.602,7.816,,16.264,95.256,0.0,0.3,0.0,No eDNA Data,High,Integrated Marine Data,2025-09-19
c24bf1c2-2c62-4056-a841-56d94e6e876a,b7f07d24-3ab3-4158-adb1-11d808d8d3e3,"[248, 252, 31904]",15,Teleostei,-5.355555534,72.21250153,Gobiidae,Gnathostomata,Gobiiformes,Osteichthyes,Chordata,Amblygobius tekomaji,550,Vertebrata,Amblygobius tekomaji,30.282,,5.334,8.106,,16.558,65.197,0.0,0.3,0.0,No eDNA Data,Low,Integrated Marine Data,2025-09-19
c24bf1c2-2c62-4056-a841-56d94e6e876a,fd482e30-d609-4437-aeb9-f5fdbc2ba3c4,"[248, 252, 31904]",15,Teleostei,-5.43194437,71.7555542,Labridae,Gnathostomata,Eupercaria incertae sedis,Osteichthyes,Chordata,Thalassoma trilobatum,542,Vertebrata,Thalassoma trilobatum,,,6.369,8.233,1.487,16.638,95.254,0.0,0.3,0.0,No eDNA Data,Low,Integrated Marine Data,2025-09-19
c24bf1c2-2c62-4056-a841-56d94e6e876a,62699b36-0269-41e8-9e8b-776912fb2bb0,"[218, 219, 10057, 10161, 20914, 40030, 31904]",75,Teleostei,-27.79000092,32.6483345,Hemerocoetidae,Gnathostomata,Acropomatiformes,Osteichthyes,Chordata,Pteropsaron natalensis,3934,Vertebrata,Osopsaron natalensis,,,5.839,8.296,1.302,16.793,61.803,0.0,0.3,0.0,No eDNA Data,Low,Integrated Marine Data,2025-09-19
c24bf1c2-2c62-4056-a841-56d94e6e876a,83be7a18-2bd8-45f0-9b9f-86e2c4c7dad5,"[248, 252, 31904]",6,Teleostei,-7.411110878,72.44166565,Pomacentridae,Gnathostomata,Ovalentaria incertae sedis,Osteichthyes,Chordata,Abudefduf sordidus,662,Vertebrata,Abudefduf sordidus,,35.402,5.503,7.943,,16.811,71.99,0.0,0.3,0.0,No eDNA Data,Low,Integrated Marine Data,2025-09-19
c24bf1c2-2c62-4056-a841-56d94e6e876a,e2188a91-c51e-44d0-81a4-0c6031abbe25,"[248, 252, 31904]",2,Teleostei,-5.44444418,71.8172226,Scaridae,Gnathostomata,Eupercaria incertae sedis,Osteichthyes,Chordata,Chlorurus gibbus,2008,Vertebrata,Chlorurus gibbus,,34.33,6.564,8.013,,17.022,63.132,0.0,0.3,0.0,No eDNA Data,Low,Integrated Marine Data,2025-09-19
c24bf1c2-2c62-4056-a841-56d94e6e876a,daddaf0b-f322-4716-9bf4-3994b15212a1,"[248, 252, 31904]",2,Teleostei,-5.44444418,71.8172226,Scaridae,Gnathostomata,Eupercaria incertae sedis,Osteichthyes,Chordata,Scarus frenatus,2008,Vertebrata,Scarus frenatus,,,6.42,8.278,0.54,17.373,66.7,0.0,0.3,0.0,No eDNA Data,Low,Integrated Marine Data,2025-09-19
c24bf1c2-2c62-4056-a841-56d94e6e876a,64b9d612-58f7-48c1-a037-6ecccdc87e30,"[248, 252, 31904]",22,Teleostei,-5.450833321,71.81583405,Apogonidae,Gnathostomata,Kurtiformes,Osteichthyes,Chordata,Apogon erythrosoma,1282,Vertebrata,Apogon erythrosoma,,,5.622,7.865,1.228,17.686,90.825,0.0,0.3,0.0,No eDNA Data,Low,Integrated Marine Data,2025-09-19
c24bf1c2-2c62-4056-a841-56d94e6e876a,a23f0988-d7da-447b-ac50-6cd7860db2b8,"[8, 9, 40045, 31904]",1,Teleostei,-20.41666603,116.9166641,Pomacentridae,Gnathostomata,Ovalentaria incertae sedis,Osteichthyes,Chordata,Plectroglyphidodon obreptus,812,Vertebrata,Stegastes obreptus,,35.158,6.386,8.21,,17.782,79.632,0.0,0.3,0.0,No eDNA Data,Low,Integrated Marine Data,2025-09-19
c24bf1c2-2c62-4056-a841-56d94e6e876a,81851b4d-d7f5-4f37-a5ae-22a0104f535c,"[248, 252, 31904]",15,Teleostei,-5.355555534,72.21250153,Chaetodontidae,Gnathostomata,Acanthuriformes,Osteichthyes,Chordata,Chaetodon auriga,550,Vertebrata,Chaetodon auriga,,,5.949,8.042,0.987,17.941,64.263,0.0,0.3,0.0,No eDNA Data,Low,Integrated Marine Data,2025-09-19
c24bf1c2-2c62-4056-a841-56d94e6e876a,277458aa-9aab-4796-9da7-3f0b4f51e449,"[248, 252, 31904]",51,Teleostei,-5.314722061,72.23166656,Holocentridae,Gnathostomata,Holocentriformes,Osteichthyes,Chordata,Myripristis violacea,155,Vertebrata,Myripristis violaceus,25.159,,6.639,8.162,,18.196,84.065,0.0,0.3,0.0,No eDNA Data,High,Integrated Marine Data,2025-09-19
c24bf1c2-2c62-4056-a841-56d94e6e876a,c78f4ce5-56a7-4773-b41b-8f4d4fb6d919,"[248, 252, 31904]",20,Teleostei,-5.445555687,71.79499817,Haemulidae,Gnathostomata,Eupercaria incertae sedis,Osteichthyes,Chordata,Plectorhinchus vittatus,1769,Vertebrata,Plectorhinchus vittatus,,,5.948,7.868,0.783,18.338,62.389,0.0,0.3,0.0,No eDNA Data,Low,Integrated Marine Data,2025-09-19
c24bf1c2-2c62-4056-a841-56d94e6e876a,d232bbfa-4ae3-4e7a-84d4-9995ad5552f7,"[248, 252, 31904]",-1,Teleostei,-7.345833302,72.46138763,Epinephelidae,Gnathostomata,Perciformes,Osteichthyes,Chordata,Epinephelus miliaris,483,Vertebrata,Epinephelus miliaris,,35.135,6.101,7.903,,18.83,64.7,0.0,0.3,0.0,No eDNA Data,Low,Integrated Marine Data,2025-09-19
c24bf1c2-2c62-4056-a841-56d94e6e876a,4338ba5c-295b-4dd2-be01-ec93a9f98e61,"[248, 252, 31904]",2,Teleostei,-6.139999866,71.56443787,Gobiidae,Gnathostomata,Gobiiformes,Osteichthyes,Chordata,Paragobiodon modestus,4136,Vertebrata,Paragobiodon modestus,,35.394,6.842,8.127,,18.874,68.087,0.0,0.3,0.0,No eDNA Data,Low,Integrated Marine Data,2025-09-19
c24bf1c2-2c62-4056-a841-56d94e6e876a,9b35e102-bced-41ad-88dc-b9f1193ab42a,"[248, 252, 31904]",4015,Teleostei,-5.406944275,70.76611328,Gobiidae,Gnathostomata,Gobiiformes,Osteichthyes,Chordata,Priolepis cincta,105854,Vertebrata,Priolepis cinctus,,,6.394,7.829,1.656,19.011,82.071,0.0,0.3,0.0,No eDNA Data,Low,Integrated Marine Data,2025-09-19
c24bf1c2-2c62-4056-a841-56d94e6e876a,446293ac-c523-4759-a2d5-3bf3b65461bd,"[8, 9, 40045, 31904]",407,Teleostei,-12.53333282,123.3333359,Labridae,Gnathostomata,Eupercaria incertae sedis,Osteichthyes,Chordata,Stethojulis bandanensis,23817,Vertebrata,Stethojulis bandanensis,,,5.719,7.92,0.621,19.703,87.741,0.0,0.3,0.0,No eDNA Data,Low,Integrated Marine Data,2025-09-19
c24bf1c2-2c62-4056-a841-56d94e6e876a,833066ad-f7f6-4a9b-a081-e6f2cfec18c0,"[115, 10126, 31904]",190,Teleostei,-0.943333328,100.1366653,Gobiidae,Gnathostomata,Gobiiformes,Osteichthyes,Chordata,Trimma sanguinellum,20443,Vertebrata,Trimma sanguinellus,29.295,,6.122,8.171,,19.962,95.929,0.0,0.3,0.0,No eDNA Data,Medium,Integrated Marine Data,2025-09-19
c24bf1c2-2c62-4056-a841-56d94e6e876a,ff49b179-7c8c-45d9-a1ac-5f6163834a42,"[248, 252, 31904]",12,Teleostei,-5.34388876,72.21055603,Apogonidae,Gnathostomata,Kurtiformes,Osteichthyes,Chordata,Zapogon evermanni,710,Vertebrata,Apogon evermanni,,,6.633,7.875,1.57,20.841,78.058,0.0,0.3,0.0,No eDNA Data,Low,Integrated Marine Data,2025-09-19
c24bf1c2-2c62-4056-a841-56d94e6e876a,0f8c7e3e-aac0-41f7-86c8-db941d0c6588,"[248, 252, 31904]",14,Teleostei,-5.428055763,71.76166534,Pomacentridae,Gnathostomata,Ovalentaria incertae sedis,Osteichthyes,Chordata,Chromis atripectoralis,973,Vertebrata,Chromis atripectoralis,,34.014,5.901,8.046,,21.487,73.357,0.0,0.3,0.0,No eDNA Data,Low,Integrated Marine Data,2025-09-19
c24bf1c2-2c62-4056-a841-56d94e6e876a,4cdf2364-0226-421e-83c9-15669d0fd6fd,"[248, 252, 31904]",-1,Teleostei,-5.442222118,71.76333618,Congridae,Gnathostomata,Anguilliformes,Osteichthyes,Chordata,Conger cinereus,739,Vertebrata,Conger cinereus,,,6.954,8.189,1.394,21.889,78.425,0.0,0.3,0.0,No eDNA Data,Low,Integrated Marine Data,2025-09-19
c24bf1c2-2c62-4056-a841-56d94e6e876a,988046f9-c485-4dcb-9af6-aa5a093c03ba,"[248, 252, 31904]",23,Teleostei,-5.434166908,71.76444244,Epinephelidae,Gnathostomata,Perciformes,Osteichthyes,Chordata,Epinephelus fasciatus,1177,Vertebrata,Epinephelus fasciatus,,35.765,6.614,7.965,,22.007,72.428,0.0,0.3,0.0,No eDNA Data,Low,Integrated Marine Data,2025-09-19
c24bf1c2-2c62-4056-a841-56d94e6e876a,87041ae6-c588-471f-8a87-98ff1acafe7a,"[248, 252, 31904]",23,Teleostei,-5.434166908,71.76444244,Gobiidae,Gnathostomata,Gobiiformes,Osteichthyes,Chordata,Valenciennea sexguttata,1177,Vertebrata,Valenciennea sexguttata,27.791,,5.923,8.237,,22.348,80.468,0.0,0.3,0.0,No eDNA Data,High,Integrated Marine Data,2025-09-19
c24bf1c2-2c62-4056-a841-56d94e6e876a,d6f67d11-a80a-474a-95f2-55aaeb8b19cd,"[248, 252, 31904]",15,Teleostei,-5.354444504,72.21583557,Labridae,Gnathostomata,Eupercaria incertae sedis,Osteichthyes,Chordata,Cheilinus fasciatus,727,Vertebrata,Cheilinus fasciatus,,,5.797,8.165,1.842,22.479,65.229,0.0,0.3,0.0,No eDNA Data,Low,Integrated Marine Data,2025-09-19
c24bf1c2-2c62-4056-a841-56d94e6e876a,4a88a380-2d1e-432b-8997-070f19612bb6,"[248, 252, 31904]",2236,Teleostei,-8.188611031,72.37999725,Syngnathidae,Gnathostomata,Syngnathiformes,Osteichthyes,Chordata,Choeroichthys sculptus,82972,Vertebrata,Choeroichthys sculptus,,34.361,6.363,8.133,,22.583,79.199,0.0,0.3,0.0,No eDNA Data,Low,Integrated Marine Data,2025-09-19
c24bf1c2-2c62-4056-a841-56d94e6e876a,d38d503f-a25a-4caa-81f2-79d5a069a60f,"[248, 252, 31904]",4,Teleostei,-5.422500134,71.78111267,Apogonidae,Gnathostomata,Kurtiformes,Osteichthyes,Chordata,Apogon campbelli,3155,Vertebrata,Apogon campbelli,,,6.419,8.201,0.822,22.603,81.21,0.0,0.3,0.0,No eDNA Data,Low,Integrated Marine Data,2025-09-19
c24bf1c2-2c62-4056-a841-56d94e6e876a,5fb4ebfd-3e93-4439-9c93-36c631da15c4,"[218, 219, 10161, 20914, 40030, 31904]",52,Teleostei,-27.5027771,32.70194626,Ophidiidae,Gnathostomata,Ophidiiformes,Osteichthyes,Chordata,Brotula multibarbata,2241,Vertebrata,Brotula multibarbata,26.531,,5.596,8.142,,23.065,74.662,0.0,0.3,0.0,No eDNA Data,High,Integrated Marine Data,2025-09-19
c24bf1c2-2c62-4056-a841-56d94e6e876a,c79ba234-53e1-4cdc-8a5c-1205f703e0b0,"[248, 252, 31904]",10,Teleostei,-5.301111221,72.26222229,Pseudochromidae,Gnathostomata,Ovalentaria incertae sedis,Osteichthyes,Chordata,Chlidichthys chagosensis,633,Vertebrata,Chlidichthys chagosensis,,33.462,6.797,8.267,,23.32,63.866,0.0,0.3,0.0,No eDNA Data,Low,Integrated Marine Data,2025-09-19
c24bf1c2-2c62-4056-a841-56d94e6e876a,a55eed88-d420-4f4b-a7a0-3dac07bde961,"[248, 252, 31904]",4,Teleostei,-5.422500134,71.78111267,Bythitidae,Gnathostomata,Ophidiiformes,Osteichthyes,Chordata,Diancistrus alleni,3155,Vertebrata,Diancistrus alleni,,35.47,5.771,8.001,,23.561,80.902,0.0,0.3,0.0,No eDNA Data,Low,Integrated Marine Data,2025-09-19
c24bf1c2-2c62-4056-a841-56d94e6e876a,0a0acae0-cb11-4ebf-a415-a5c7b3d98d88,"[248, 252, 31904]",4,Teleostei,-5.384166718,71.7583313,Pomacanthidae,Gnathostomata,Acanthuriformes,Osteichthyes,Chordata,Pomacanthus imperator,1154,Vertebrata,Pomacanthus imperator,,,5.951,8.215,1.823,23.599,87.329,0.0,0.3,0.0,No eDNA Data,Low,Integrated Marine Data,2025-09-19
c24bf1c2-2c62-4056-a841-56d94e6e876a,2780432f-89ab-48a7-9dcf-c8faae2ec0d4,"[248, 252, 31904]",12,Teleostei,-5.344170094,72.20916748,Gobiidae,Gnathostomata,Gobiiformes,Osteichthyes,Chordata,Priolepis inhaca,563,Vertebrata,Priolepis inhaca,,,6.22,8.077,1.247,23.828,84.258,0.0,0.3,0.0,No eDNA Data,Low,Integrated Marine Data,2025-09-19
c24bf1c2-2c62-4056-a841-56d94e6e876a,8094ece6-9b76-4c3e-acd8-c1ce4ffaf4dc,"[248, 252, 31904]",16,Teleostei,-6.179166794,71.35888672,Labridae,Gnathostomata,Eupercaria incertae sedis,Osteichthyes,Chordata,Stethojulis albovittata,2034,Vertebrata,Stethojulis albovittata,25.147,,6.659,8.017,,24.034,84.752,0.0,0.3,0.0,No eDNA Data,High,Integrated Marine Data,2025-09-19
c24bf1c2-2c62-4056-a841-56d94e6e876a,ff315939-9bf1-40d2-980e-de72a1560b9e,"[248, 252, 31904]",5,Teleostei,-5.314722061,72.24833679,Blenniidae,Gnathostomata,Blenniiformes,Osteichthyes,Chordata,Cirripectes perustus,1223,Vertebrata,Cirripectes perustus,29.787,,5.893,8.252,,24.041,85.646,0.0,0.3,0.0,No eDNA Data,Medium,Integrated Marine Data,2025-09-19
c24bf1c2-2c62-4056-a841-56d94e6e876a,0d66665b-b14a-454e-9728-cb2413b3041e,"[248, 252, 31904]",8,Teleostei,-5.407222271,71.76611328,Gobiidae,Gnathostomata,Gobiiformes,Osteichthyes,Chordata,Eviota zebrina,1350,Vertebrata,Eviota zebrina,,34.516,6.719,7.881,,24.094,90.566,0.0,0.3,0.0,No eDNA Data,Low,Integrated Marine Data,2025-09-19
c24bf1c2-2c62-4056-a841-56d94e6e876a,6e25ef92-e041-405d-b328-76dcf26c5df5,"[248, 252, 31904]",12,Teleostei,-5.344722271,72.20999908,Labridae,Gnathostomata,Eupercaria incertae sedis,Osteichthyes,Chordata,Pseudocheilinus octotaenia,637,Vertebrata,Pseudocheilinus octotaenia,,,6.655,8.184,1.25,24.154,79.307,0.0,0.3,0.0,No eDNA Data,Low,Integrated Marine Data,2025-09-19
c24bf1c2-2c62-4056-a841-56d94e6e876a,6c2c500d-d2dc-4123-a1da-a4e6d2b62673,"[248, 252, 31904]",15,Teleostei,-5.355000019,72.21611023,Muraenidae,Gnathostomata,Anguilliformes,Osteichthyes,Chordata,Uropterygius concolor,666,Vertebrata,Uropterygius concolor,29.726,,6.862,8.134,,24.513,69.472,0.0,0.3,0.0,No eDNA Data,Medium,Integrated Marine Data,2025-09-19
c24bf1c2-2c62-4056-a841-56d94e6e876a,7f67435d-e510-48bc-bb01-abaf78519594,"[1, 114, 10038, 31904]",5256,Teleostei,-6.0,81.0,Zenarchopteridae,Gnathostomata,Beloniformes,Osteichthyes,Chordata,Nomorhamphus ebrardtii,950378,Vertebrata,Dermogenys ebrardti,28.804,,5.516,7.9,,24.736,77.524,0.0,0.3,0.0,No eDNA Data,Medium,Integrated Marine Data,2025-09-19
c24bf1c2-2c62-4056-a841-56d94e6e876a,de3d1566-b340-4d5e-b7c6-f5de69ca59bc,"[248, 252, 31904]",14,Elasmobranchii,-5.432222366,71.76166534,Ginglymostomatidae,Gnathostomata,Orectolobiformes,Chondrichthyes,Chordata,Nebrius ferrugineus,971,Vertebrata,Nebrius ferrugineus,,,6.718,8.031,0.711,24.868,61.539,0.0,0.3,0.0,No eDNA Data,Low,Integrated Marine Data,2025-09-19
c24bf1c2-2c62-4056-a841-56d94e6e876a,d4339463-db2d-48b0-a7a1-c49e85242194,"[248, 252, 31904]",22,Teleostei,-5.450555801,71.81194305,Blenniidae,Gnathostomata,Blenniiformes,Osteichthyes,Chordata,Plagiotremus rhinorhynchos,1275,Vertebrata,Plagiotremus rhinorhynchos,,35.401,6.381,8.094,,25.103,83.1,0.0,0.3,0.0,No eDNA Data,Low,Integrated Marine Data,2025-09-19
c24bf1c2-2c62-4056-a841-56d94e6e876a,dc199b4d-d7f7-4109-84b3-b240947c2f6a,"[218, 219, 10161, 20914, 40030, 31904]",36,Teleostei,-27.5316658,32.6930542,Blenniidae,Gnathostomata,Blenniiformes,Osteichthyes,Chordata,Plagiotremus tapeinosoma,1584,Vertebrata,Plagiotremus tapeinosoma,,34.34,6.35,8.011,,25.116,97.742,0.0,0.3,0.0,No eDNA Data,Low,Integrated Marine Data,2025-09-19
c24bf1c2-2c62-4056-a841-56d94e6e876a,7b3ce812-07af-41ba-bf26-da79e3e977c4,"[212, 31904]",4860,Teleostei,-5.150000095,51.5,Labridae,Gnathostomata,Eupercaria incertae sedis,Osteichthyes,Chordata,Bodianus mesothorax,180634,Vertebrata,Bodianus mesothorax,,,6.835,8.027,0.285,25.562,75.49,0.0,0.3,0.0,No eDNA Data,Low,Integrated Marine Data,2025-09-19
c24bf1c2-2c62-4056-a841-56d94e6e876a,703c1134-989b-42f4-b13e-8f39fc672718,"[248, 252, 31904]",5,Teleostei,-5.314722061,72.24833679,Chaetodontidae,Gnathostomata,Acanthuriformes,Osteichthyes,Chordata,Chaetodon trifasciatus,1223,Vertebrata,Chaetodon trifasciatus,,,5.889,8.239,1.424,25.613,97.915,0.0,0.3,0.0,No eDNA Data,Low,Integrated Marine Data,2025-09-19
c24bf1c2-2c62-4056-a841-56d94e6e876a,00c5d986-1103-478c-a0cb-cd44bb273dc3,"[248, 252, 31904]",4,Teleostei,-5.422500134,71.78111267,Blenniidae,Gnathostomata,Blenniiformes,Osteichthyes,Chordata,Ecsenius nalolo,3155,Vertebrata,Ecsenius nalolo,,,6.814,7.84,1.244,25.827,61.56,0.0,0.3,0.0,No eDNA Data,Low,Integrated Marine Data,2025-09-19
c24bf1c2-2c62-4056-a841-56d94e6e876a,2a9f6490-7c95-4e6b-b71b-94898d79a2ae,"[218, 219, 10161, 20914, 40030, 31904]",22,Teleostei,-27.48472214,32.69916534,Holocentridae,Gnathostomata,Holocentriformes,Osteichthyes,Chordata,Myripristis kuntee,1364,Vertebrata,Myripristis kuntee,,33.757,6.322,8.015,,25.883,68.731,0.0,0.3,0.0,No eDNA Data,Low,Integrated Marine Data,2025-09-19
c24bf1c2-2c62-4056-a841-56d94e6e876a,fb160407-711b-4dd7-9a9c-a1908ec40754,"[248, 252, 31904]",13,Teleostei,-5.358889103,71.75861359,Scaridae,Gnathostomata,Eupercaria incertae sedis,Osteichthyes,Chordata,Chlorurus enneacanthus,265,Vertebrata,Chlorurus enneacanthus,26.055,,5.998,8.1,,25.901,81.341,0.0,0.3,0.0,No eDNA Data,High,Integrated Marine Data,2025-09-19
c24bf1c2-2c62-4056-a841-56d94e6e876a,b25e5d4e-d3fc-4d02-b69f-300b2c6d5a6d,"[248, 252, 31904]",-3,Teleostei,-5.416666508,71.75,Gobiidae,Gnathostomata,Gobiiformes,Osteichthyes,Chordata,Gobiodon rivulatus,328,Vertebrata,Gobiodon rivulatus,27.009,,6.815,7.929,,25.95,86.967,0.0,0.3,0.0,No eDNA Data,High,Integrated Marine Data,2025-09-19
c24bf1c2-2c62-4056-a841-56d94e6e876a,f6dec9b1-ca07-422b-80ae-4f062872bd94,"[248, 252, 31904]",23,Teleostei,-5.433610916,71.76361084,Labridae,Gnathostomata,Eupercaria incertae sedis,Osteichthyes,Chordata,Thalassoma hardwicke,1105,Vertebrata,Thalassoma hardwicke,,,5.986,7.883,1.888,26.284,83.751,0.0,0.3,0.0,No eDNA Data,Low,Integrated Marine Data,2025-09-19
c24bf1c2-2c62-4056-a841-56d94e6e876a,9dd88191-0256-4e35-a5a0-e04e50500c5c,"[248, 252, 31904]",12,Teleostei,-5.344722271,72.20999908,Gobiidae,Gnathostomata,Gobiiformes,Osteichthyes,Chordata,Trimmatom offucius,637,Vertebrata,Trimmatom offucius,,,6.884,7.811,0.766,26.47,63.126,0.0,0.3,0.0,No eDNA Data,Low,Integrated Marine Data,2025-09-19
c24bf1c2-2c62-4056-a841-56d94e6e876a,ff35ee34-07cc-431c-81ba-aa25cace3449,"[248, 252, 31904]",15,Teleostei,-5.355555534,72.21250153,Tetraodontidae,Gnathostomata,Tetraodontiformes,Osteichthyes,Chordata,Arothron nigropunctatus,550,Vertebrata,Arothron nigropunctatus,,,6.606,8.011,0.87,26.655,64.472,0.0,0.3,0.0,No eDNA Data,Low,Integrated Marine Data,2025-09-19
c24bf1c2-2c62-4056-a841-56d94e6e876a,b483455d-7997-4f69-b63b-7a0828f45c93,"[9, 10, 31904]",-80,Teleostei,-10.46666622,105.5500031,Gobiidae,Gnathostomata,Gobiiformes,Osteichthyes,Chordata,Trimma macrophthalmum,549,Vertebrata,Trimma macrophthalma,26.231,,5.712,8.069,,26.67,74.681,0.0,0.3,0.0,No eDNA Data,High,Integrated Marine Data,2025-09-19
c24bf1c2-2c62-4056-a841-56d94e6e876a,3fb2d173-c186-409f-985f-dd53f06bb2fa,"[248, 252, 31904]",4,Elasmobranchii,-5.384444237,71.75027466,Carcharhinidae,Gnathostomata,Carcharhiniformes,Chondrichthyes,Chordata,Carcharhinus amblyrhynchos,1223,Vertebrata,Carcharhinus amblyrhynchos,,,5.833,7.992,0.156,26.673,96.809,0.0,0.3,0.0,No eDNA Data,Low,Integrated Marine Data,2025-09-19
c24bf1c2-2c62-4056-a841-56d94e6e876a,4b48eeb1-3636-491d-86ac-a8c84fde9848,"[248, 252, 31904]",4015,Teleostei,-5.406944275,70.76611328,Apogonidae,Gnathostomata,Kurtiformes,Osteichthyes,Chordata,Fowleria marmorata,105854,Vertebrata,Fowleria marmorata,,33.473,6.118,8.214,,26.673,63.378,0.0,0.3,0.0,No eDNA Data,Low,Integrated Marine Data,2025-09-19
c24bf1c2-2c62-4056-a841-56d94e6e876a,f2d20fff-413b-41d0-84ef-69afbeae2c8d,"[248, 252, 31904]",15,Teleostei,-5.426944256,71.75777435,Synodontidae,Gnathostomata,Aulopiformes,Osteichthyes,Chordata,Synodus binotatus,538,Vertebrata,Synodus binotatus,,35.457,5.797,8.209,,26.934,85.033,0.0,0.3,0.0,No eDNA Data,Low,Integrated Marine Data,2025-09-19
c24bf1c2-2c62-4056-a841-56d94e6e876a,55a7da49-a1d5-44cd-9166-613b9fe4c0a2,"[248, 252, 31904]",24,Teleostei,-5.399166584,71.74777985,Gobiidae,Gnathostomata,Gobiiformes,Osteichthyes,Chordata,Bryaninops loki,300,Vertebrata,Bryaninops loki,,34.881,6.999,8.242,,27.04,89.369,0.0,0.3,0.0,No eDNA Data,Low,Integrated Marine Data,2025-09-19
c24bf1c2-2c62-4056-a841-56d94e6e876a,a6b112eb-daa3-4be8-8429-60aebefd2641,"[218, 219, 10161, 20914, 40030, 31904]",36,Teleostei,-27.51888847,32.69777679,Chaetodontidae,Gnathostomata,Acanthuriformes,Osteichthyes,Chordata,Chaetodon kleinii,2266,Vertebrata,Chaetodon kleineii,,,6.822,8.032,0.887,27.22,95.503,0.0,0.3,0.0,No eDNA Data,Low,Integrated Marine Data,2025-09-19
c24bf1c2-2c62-4056-a841-56d94e6e876a,f9cc24c7-0841-4581-8d25-e231fcaf8fa3,"[248, 252, 31904]",10,Teleostei,-5.301111221,72.26222229,Tripterygiidae,Gnathostomata,Blenniiformes,Osteichthyes,Chordata,Enneapterygius abeli,633,Vertebrata,Enneapterygius abeli,,35.046,6.633,7.969,,27.404,85.842,0.0,0.3,0.0,No eDNA Data,Low,Integrated Marine Data,2025-09-19
c24bf1c2-2c62-4056-a841-56d94e6e876a,a7054176-a05e-4f34-96a2-b6dfa8197c27,"[248, 252, 31904]",12,Teleostei,-5.343333244,72.20944214,Microdesmidae,Gnathostomata,Gobiiformes,Osteichthyes,Chordata,Nemateleotris magnifica,625,Vertebrata,Nemateleotris magnifica,,35.916,6.69,8.048,,27.492,79.064,0.0,0.3,0.0,No eDNA Data,Low,Integrated Marine Data,2025-09-19
c24bf1c2-2c62-4056-a841-56d94e6e876a,1438ab66-b4d0-41bc-bde5-b94bf96b53d3,"[248, 252, 31904]",15,Teleostei,-5.429166794,71.7583313,Scaridae,Gnathostomata,Eupercaria incertae sedis,Osteichthyes,Chordata,Scarus,640,Vertebrata,Scarus sp,30.24,,4.314,7.871,,27.653,74.876,0.0,0.3,0.0,No eDNA Data,Low,Integrated Marine Data,2025-09-19
c24bf1c2-2c62-4056-a841-56d94e6e876a,0c662396-3d0b-4c2e-85b8-34f7e284c73c,"[248, 252, 31904]",3,Teleostei,-5.411110878,71.76999664,Tripterygiidae,Gnathostomata,Blenniiformes,Osteichthyes,Chordata,Enneapterygius gruschkai,1835,Vertebrata,Enneapterygius gruschkai,25.859,,5.986,8.206,,27.859,88.257,0.0,0.3,0.0,No eDNA Data,High,Integrated Marine Data,2025-09-19
c24bf1c2-2c62-4056-a841-56d94e6e876a,4522e810-8652-43b3-a914-6dd97d7ddd74,"[9, 10, 31904]",4636,Teleostei,-10.86666679,105.3333359,Myctophidae,Gnathostomata,Myctophiformes,Osteichthyes,Chordata,Myctophum nitidulum,45026,Vertebrata,Myctophum nitidulum,30.631,,5.132,8.262,,28.352,71.102,0.0,0.3,0.0,No eDNA Data,Low,Integrated Marine Data,2025-09-19
c24bf1c2-2c62-4056-a841-56d94e6e876a,4bbe38a7-8aee-4c26-b50e-89f87ee9040d,"[248, 252, 31904]",15,Teleostei,-5.354444504,72.21583557,Labridae,Gnathostomata,Eupercaria incertae sedis,Osteichthyes,Chordata,Cheilinus oxycephalus,727,Vertebrata,Cheilinus oxycephalus,29.049,,6.861,7.908,,28.371,66.716,0.0,0.3,0.0,No eDNA Data,Medium,Integrated Marine Data,2025-09-19
c24bf1c2-2c62-4056-a841-56d94e6e876a,112723f8-2d80-48b3-943d-767bf632e71e,"[8, 9, 31904]",6,Teleostei,-30.08333397,114.9666672,Diodontidae,Gnathostomata,Tetraodontiformes,Osteichthyes,Chordata,Diodon holocanthus,929,Vertebrata,Diodon holocanthus,25.788,,6.612,8.244,,28.372,99.322,0.0,0.3,0.0,No eDNA Data,High,Integrated Marine Data,2025-09-19
c24bf1c2-2c62-4056-a841-56d94e6e876a,14e33bcc-3946-42f6-967b-d1ff2f87be6c,"[248, 252, 31904]",16,Teleostei,-6.179166794,71.3638916,Balistidae,Gnathostomata,Tetraodontiformes,Osteichthyes,Chordata,Rhinecanthus aculeatus,2582,Vertebrata,Rhinecanthus aculeatus,31.995,,4.343,8.122,,28.522,82.962,0.0,0.3,0.0,No eDNA Data,Low,Integrated Marine Data,2025-09-19
c24bf1c2-2c62-4056-a841-56d94e6e876a,f8a2e83f-56e8-4667-89cc-2ffe7ef36b87,"[248, 252, 31904]",20,Teleostei,-5.445555687,71.79499817,Apogonidae,Gnathostomata,Kurtiformes,Osteichthyes,Chordata,Pseudamiops,1769,Vertebrata,Pseudamiops sp 1,,,6.49,8.211,0.733,28.837,96.708,0.0,0.3,0.0,No eDNA Data,Low,Integrated Marine Data,2025-09-19
c24bf1c2-2c62-4056-a841-56d94e6e876a,e0637f3f-472c-46d4-9a6e-0b52c30eff72,"[248, 252, 31904]",-1,Teleostei,-5.442222118,71.76333618,Acanthuridae,Gnathostomata,Acanthuriformes,Osteichthyes,Chordata,Acanthurus lineatus,739,Vertebrata,Acanthurus lineatus,,35.804,6.385,8.224,,28.851,86.125,0.0,0.3,0.0,No eDNA Data,Low,Integrated Marine Data,2025-09-19
c24bf1c2-2c62-4056-a841-56d94e6e876a,90759f9a-bb31-48b5-afbf-9152fdb57f02,"[212, 10146, 31904]",27,Teleostei,-4.550000191,55.45000076,Epinephelidae,Gnathostomata,Perciformes,Osteichthyes,Chordata,Epinephelus hexagonatus,1357,Vertebrata,Epinephelus hexagonatus,,34.36,5.724,7.839,,29.12,83.949,0.0,0.3,0.0,No eDNA Data,Low,Integrated Marine Data,2025-09-19
c24bf1c2-2c62-4056-a841-56d94e6e876a,4cc1f490-d282-474d-9c2b-fa9acde772c6,"[248, 252, 31904]",15,Teleostei,-5.355555534,72.21250153,Chaetodontidae,Gnathostomata,Acanthuriformes,Osteichthyes,Chordata,Heniochus monoceros,550,Vertebrata,Heniochus monoceros,,,6.134,7.989,0.868,29.23,64.526,0.0,0.3,0.0,No eDNA Data,Low,Integrated Marine Data,2025-09-19
c24bf1c2-2c62-4056-a841-56d94e6e876a,73b38e34-6705-4a81-9f71-a0b287c3ef7c,"[248, 252, 31904]",15,Teleostei,-5.429166794,71.7583313,Ophichthidae,Gnathostomata,Anguilliformes,Osteichthyes,Chordata,Leiuranus semicinctus,640,Vertebrata,Leiuranus semicinctus,,34.122,5.822,8.279,,29.585,98.782,0.0,0.3,0.0,No eDNA Data,Low,Integrated Marine Data,2025-09-19
c24bf1c2-2c62-4056-a841-56d94e6e876a,973da2ad-37be-45eb-8829-ff95f6985614,"[248, 252, 31904]",20,Teleostei,-5.445555687,71.79499817,Apogonidae,Gnathostomata,Kurtiformes,Osteichthyes,Chordata,Pseudamiops gracilicauda,1769,Vertebrata,Pseudamiops gracilicauda,,33.69,5.523,7.933,,29.914,73.436,0.0,0.3,0.0,No eDNA Data,Low,Integrated Marine Data,2025-09-19
c24bf1c2-2c62-4056-a841-56d94e6e876a,71a430b4-12cf-4bb9-8fe8-441ad6ae6349,"[248, 252, 31904]",22,Teleostei,-5.450833321,71.81583405,Apogonidae,Gnathostomata,Kurtiformes,Osteichthyes,Chordata,Cheilodipterus artus,1282,Vertebrata,Cheilodipterus artus,,,5.937,7.906,1.687,29.925,68.483,0.0,0.3,0.0,No eDNA Data,Low,Integrated Marine Data,2025-09-19
